full,city,state,extraversion,neuroticism,agreeableness,conscientiousness,openness,pop,lat,long
New York NY,New York,New York,0.05,-0.04,-0.17,-0.03,0.15,8124427,40.67,-73.94
Los Angeles CA,Los Angeles,California,0.09,-0.12,-0.06,-0.06,0.17,3911500,34.11,-118.41
Chicago IL,Chicago,Illinois,0.12,-0.1,-0.11,0.05,0.14,2830144,41.84,-87.68
Houston TX,Houston,Texas,0.04,-0.08,-0.04,-0.01,0.03,2043005,29.77,-95.39
Phoenix AZ,Phoenix,Arizona,-0.01,-0.03,0.02,0,0.03,1450884,33.54,-112.07
Philadelphia PA,Philadelphia,Pennsylvania,0.03,-0.02,-0.15,0.03,0.12,1439814,40.01,-75.13
San Diego CA,San Diego,California,0.06,-0.09,0.04,-0.03,0.08,1299352,32.81,-117.14
San Antonio TX,San Antonio,Texas,0.02,-0.05,0.01,-0.02,0.06,1278171,29.46,-98.51
Dallas TX,Dallas,Texas,0.08,-0.07,-0.02,-0.01,0.09,1216543,32.79,-96.77
San Jose CA,San Jose,California,-0.01,-0.04,0.02,-0.11,0.03,897883,37.3,-121.85
Detroit MI,Detroit,Michigan,0.13,-0.13,-0.18,0.09,0.06,871789,42.38,-83.1
Jacksonville FL,Jacksonville,Florida,0.01,-0.02,0.01,0.03,0.03,809874,30.33,-81.66
Columbus OH,Columbus,Ohio,0.02,-0.06,-0.03,0.02,0.02,741677,39.99,-82.99
San Francisco CA,San Francisco,California,0.05,-0.05,-0.04,-0.11,0.15,723724,37.77,-122.45
Austin TX,Austin,Texas,0.02,-0.05,0.03,-0.02,0.12,683404,30.31,-97.75
Memphis TN,Memphis,Tennessee,0.06,-0.09,-0.04,0.07,0.08,639736,35.11,-90.01
Fort Worth TX,Fort Worth,Texas,-0.03,-0.05,0.03,0.01,-0.01,633849,32.75,-97.34
Charlotte NC,Charlotte,North Carolina,0.07,0.01,-0.05,-0.03,-0,607111,35.2,-80.83
El Paso TX,El Paso,Texas,-0.02,-0.02,-0.06,0,0.11,603545,31.85,-106.44
Baltimore MD,Baltimore,Maryland,0.06,-0.07,-0.12,0.03,0.07,602658,39.3,-76.61
Milwaukee WI,Milwaukee,Wisconsin,0.01,-0.04,-0.06,-0.01,0,575250,43.06,-87.97
Seattle WA,Seattle,Washington,-0.04,0,0,-0.07,0.16,570430,47.62,-122.35
Boston MA,Boston,Massachusetts,0.09,-0.07,-0.11,0.02,0.12,567759,42.34,-71.02
Denver CO,Denver,Colorado,0.01,-0.08,0.01,0.02,0.08,556575,39.77,-104.87
Las Vegas NV,Las Vegas,Nevada,0.06,-0.06,0.03,-0,0.08,553807,36.21,-115.22
Portland OR,Portland,Oregon,-0.05,-0.02,0.04,-0,0.1,542751,45.54,-122.66
Oklahoma City OK,Oklahoma City,Oklahoma,-0.04,0.02,0.01,0.02,-0.01,538141,35.47,-97.51
Tucson AZ,Tucson,Arizona,-0.04,-0.03,0.06,0.01,0.06,525268,32.2,-110.89
Albuquerque NM,Albuquerque,New Mexico,-0.05,-0.01,0.04,0.04,0.12,494962,35.12,-106.62
Long Beach CA,Long Beach,California,0.08,-0.1,0.01,-0.08,0.19,486571,33.79,-118.16
Sacramento CA,Sacramento,California,-0,-0.04,0.02,-0.01,0.04,480392,38.57,-121.47
Fresno CA,Fresno,California,0,-0.04,0.05,-0.02,0.07,472517,36.78,-119.79
Mesa AZ,Mesa,Arizona,0.02,-0.04,0.14,0.02,-0.03,461167,33.42,-111.74
New Orleans LA,New Orleans,Louisiana,0.15,-0.11,-0.05,0.05,0.18,454207,30.07,-89.93
Virginia Beach VA,Virginia Beach,Virginia,0.05,-0,-0.01,-0.01,0.02,453884,36.74,-76.04
Cleveland OH,Cleveland,Ohio,0.05,-0.06,-0.12,0.06,0.08,443949,41.48,-81.68
Kansas City MO,Kansas City,Missouri,-0.04,-0.04,-0.02,0.01,0.05,441833,39.12,-94.55
Atlanta GA,Atlanta,Georgia,0.13,-0.16,-0.09,0.05,0.11,424096,33.76,-84.42
Omaha NE,Omaha,Nebraska,0.01,-0.01,0.03,0.03,-0.03,417809,41.26,-96.01
Oakland CA,Oakland,California,0.05,-0.08,-0.11,-0.09,0.19,393632,37.77,-122.22
Miami FL,Miami,Florida,0.15,-0.15,-0.07,0.01,0.19,386740,25.78,-80.21
Tulsa OK,Tulsa,Oklahoma,-0.01,-0.02,0.08,0.04,0.07,379833,36.13,-95.92
Colorado Springs CO,Colorado Springs,Colorado,-0.05,-0.05,0.07,0.02,0.04,375744,38.86,-104.76
Arlington TX,Arlington,Texas,-0.01,-0.05,0.03,-0.01,-0,374729,32.69,-97.13
Minneapolis MN,Minneapolis,Minnesota,-0.02,-0.05,0.01,-0.03,0.13,364726,44.96,-93.27
Wichita KS,Wichita,Kansas,-0.03,-0,0.04,-0.02,-0.08,356051,37.69,-97.34
Raleigh NC,Raleigh,North Carolina,0.02,-0.07,0.02,-0.03,0.07,350822,35.82,-78.66
Santa Ana CA,Santa Ana,California,-0.01,-0.05,-0.03,-0.06,0.05,344086,33.74,-117.88
Anaheim CA,Anaheim,California,-0.04,-0.04,0.01,-0.1,0.07,334909,33.84,-117.87
Tampa FL,Tampa,Florida,0.05,-0.04,-0.01,0.03,0.06,328578,27.96,-82.48
Pittsburgh PA,Pittsburgh,Pennsylvania,0,0.03,-0.1,0.02,0.01,316272,40.44,-79.98
Riverside CA,Riverside,California,-0,-0.05,0.04,0.01,0.09,306351,33.94,-117.4
Toledo OH,Toledo,Ohio,0.02,-0.01,-0.04,0.03,0.05,305292,41.66,-83.58
Aurora CO,Aurora,Colorado,-0,-0.02,0.03,0.01,0.02,304641,39.71,-104.73
Bakersfield CA,Bakersfield,California,-0.02,-0,0.03,0,-0.04,301775,35.36,-119
Cincinnati OH,Cincinnati,Ohio,0.01,-0.01,0.02,0.07,0.06,301561,39.14,-84.51
Stockton CA,Stockton,California,-0.01,-0.01,0,0.02,0.02,299188,37.97,-121.31
Newark NJ,Newark,New Jersey,0.14,-0.16,-0.21,0.03,0.09,281378,40.72,-74.17
Corpus Christi TX,Corpus Christi,Texas,0.01,-0.08,-0,-0.04,0.05,280808,27.71,-97.29
Buffalo NY,Buffalo,New York,-0.03,0.05,-0.11,-0.01,0.01,276762,42.89,-78.86
Plano TX,Plano,Texas,0.01,0.02,0.04,-0.05,-0.01,260415,33.05,-96.75
Henderson NV,Henderson,Nevada,-0.01,-0.04,0.1,0.01,-0.02,255646,36.03,-115
Norfolk VA,Norfolk,Virginia,0.06,-0.04,-0.04,0.03,0.13,248182,36.92,-76.24
Chandler AZ,Chandler,Arizona,0.01,0.02,0.04,-0.01,0.03,247915,33.3,-111.87
Lincoln NE,Lincoln,Nebraska,-0.01,-0.03,0.02,0.01,-0.05,245301,40.82,-96.69
Glendale AZ,Glendale,Arizona,-0.07,0.03,0.05,0.01,-0.05,244734,33.58,-112.2
Jersey City NJ,Jersey City,New Jersey,0.02,0.01,-0.16,-0.06,0.11,237125,40.71,-74.06
Greensboro NC,Greensboro,North Carolina,-0.01,-0.04,0.02,-0.01,0.1,233342,36.08,-79.83
Fort Wayne IN,Fort Wayne,Indiana,-0.05,-0.02,0.04,0.07,-0.06,231147,41.07,-85.14
Scottsdale AZ,Scottsdale,Arizona,0.06,-0.03,0.03,0.04,-0.04,230949,33.69,-111.87
Birmingham AL,Birmingham,Alabama,0.08,-0.07,0.01,0.05,0.08,229300,33.53,-86.8
Madison WI,Madison,Wisconsin,-0.09,-0,0.03,-0.1,0.01,227642,43.08,-89.39
Hialeah FL,Hialeah,Florida,0.05,0.03,-0.1,-0.05,0.03,224644,25.86,-80.3
Chesapeake VA,Chesapeake,Virginia,-0.03,-0.03,0.11,0.04,-0,223222,36.68,-76.31
Baton Rouge LA,Baton Rouge,Louisiana,0.09,-0.07,-0.01,-0,0.06,222217,30.45,-91.13
Chula Vista CA,Chula Vista,California,0.03,-0.04,0.09,-0.04,0.1,221736,32.63,-117.04
Modesto CA,Modesto,California,0.02,0.01,0.07,-0.01,-0.02,221674,37.66,-120.99
Laredo TX,Laredo,Texas,0.02,-0.04,-0.03,-0.06,0.1,218041,27.53,-99.49
Garland TX,Garland,Texas,0.03,-0.01,0.02,-0.03,-0.05,217609,32.91,-96.63
Lubbock TX,Lubbock,Texas,-0.02,0,0.02,0.03,-0.04,213587,33.58,-101.88
Orlando FL,Orlando,Florida,0.07,-0.07,0.05,0.02,0.02,211226,28.5,-81.37
Rochester NY,Rochester,New York,-0.04,0.03,-0.07,0.02,0.02,209587,43.17,-77.62
Durham NC,Durham,North Carolina,0.04,-0.05,-0,-0.01,0,208426,35.98,-78.91
Akron OH,Akron,Ohio,-0.02,0.03,-0.08,0.05,0,206634,41.08,-81.52
Reno NV,Reno,Nevada,-0,-0.04,0.02,0.01,0.04,206626,39.54,-119.82
San Bernardino CA,San Bernardino,California,-0.04,0.03,-0.05,-0.01,0,205743,34.14,-117.29
Glendale CA,Glendale,California,0.02,-0.04,0.04,-0.04,0.09,204747,34.18,-118.25
Fremont CA,Fremont,California,-0.02,-0.02,-0,-0.05,0.02,202574,37.53,-122
Irvine CA,Irvine,California,-0.01,-0.05,-0.02,-0.04,0.02,199755,33.66,-117.8
Yonkers NY,Yonkers,New York,0.01,0,-0.16,-0.01,0.02,198045,40.95,-73.87
Montgomery AL,Montgomery,Alabama,0.06,-0.09,0.06,0.04,0.06,197653,32.35,-86.28
Tacoma WA,Tacoma,Washington,-0.03,0.06,0.02,-0.05,0.07,197621,47.25,-122.46
Spokane WA,Spokane,Washington,-0.08,-0,0.1,0.06,-0.01,197513,47.67,-117.41
Huntington Beach CA,Huntington Beach,California,0.08,-0.05,0.07,0.02,0.04,197124,33.69,-118.01
Shreveport LA,Shreveport,Louisiana,0.01,-0.06,0.01,0.04,0.04,196228,32.47,-93.8
Irving TX,Irving,Texas,-0.02,0.01,-0.04,0.01,0.03,194407,32.86,-96.97
Grand Rapids MI,Grand Rapids,Michigan,-0.02,0.03,0.02,-0.02,-0.04,193006,42.96,-85.66
Des Moines IA,Des Moines,Iowa,-0.02,-0,-0.02,-0.03,-0.04,192050,41.58,-93.62
Oxnard CA,Oxnard,California,-0.01,-0,0.06,-0.02,0.09,190658,34.2,-119.21
Richmond VA,Richmond,Virginia,0.03,-0.03,-0.03,-0.04,0.05,189498,37.53,-77.47
Mobile AL,Mobile,Alabama,0.01,-0.04,0.06,0.01,0,188467,30.68,-88.09
Columbus GA,Columbus,Georgia,0.03,-0.03,-0.02,-0.02,0.05,184900,32.51,-84.87
Little Rock AR,Little Rock,Arkansas,0.03,-0.03,-0.07,-0.01,0.03,184323,34.72,-92.35
Newport News VA,Newport News,Virginia,0,-0.01,0.01,-0.05,0.02,183941,37.08,-76.51
Amarillo TX,Amarillo,Texas,-0.03,0.05,0.06,0.02,-0.01,183295,35.2,-101.82
Aurora IL,Aurora,Illinois,-0.02,-0.05,-0,-0.04,0.01,181120,41.77,-88.29
Providence RI,Providence,Rhode Island,0.01,0.02,-0.13,-0.06,0.04,178295,41.82,-71.42
Fontana CA,Fontana,California,-0.03,-0.05,0.06,0.01,0.04,178257,34.1,-117.46
Worcester MA,Worcester,Massachusetts,-0.02,0.08,-0.05,-0.09,-0.02,177973,42.27,-71.81
North Las Vegas NV,North Las Vegas,Nevada,-0.04,0.02,-0.06,0.01,0.05,177751,36.27,-115.14
Rancho Cucamonga CA,Rancho Cucamonga,California,0.02,-0.07,0.07,0.04,0.02,177721,34.12,-117.57
Salt Lake City UT,Salt Lake City,Utah,-0.02,-0.01,0.14,0.02,0.06,177318,40.78,-111.93
Ontario CA,Ontario,California,-0.02,0.02,0.08,-0.04,-0.06,175805,34.05,-117.61
Jackson MS,Jackson,Mississippi,0.13,-0.11,-0.05,0.11,-0.03,175085,32.32,-90.21
Brownsville TX,Brownsville,Texas,0,-0.03,-0.11,-0.04,0.1,174135,25.93,-97.48
Moreno Valley CA,Moreno Valley,California,-0.01,-0.03,0.04,-0,0.03,174068,33.93,-117.21
Fort Lauderdale FL,Fort Lauderdale,Florida,0.03,-0.12,-0.05,0.07,0.13,173597,26.14,-80.14
Santa Clarita CA,Santa Clarita,California,0.02,-0.05,0.06,-0.02,0.01,172730,34.41,-118.51
Oceanside CA,Oceanside,California,0.09,-0.08,-0,0,0.1,172251,33.23,-117.31
Knoxville TN,Knoxville,Tennessee,0.02,0.04,0.03,0.03,-0.01,172000,35.97,-83.95
Overland Park KS,Overland Park,Kansas,-0.03,-0.06,0.03,0.07,-0.13,169520,38.91,-94.68
Huntsville AL,Huntsville,Alabama,0.04,-0.05,0.02,0.04,0.06,169155,34.71,-86.63
Garden Grove CA,Garden Grove,California,-0.08,-0,0.05,-0.06,0.04,167647,33.78,-117.96
Vancouver WA,Vancouver,Washington,-0.08,-0.02,0.08,0.04,-0.03,161034,45.63,-122.64
Pembroke Pines FL,Pembroke Pines,Florida,-0,-0.07,0.05,0.05,0.09,160157,26.01,-80.34
Corona CA,Corona,California,0.04,-0.04,0,-0.01,0.03,159198,33.87,-117.57
Tempe AZ,Tempe,Arizona,-0.01,-0.04,-0.01,0.04,0.11,158313,33.39,-111.93
Dayton OH,Dayton,Ohio,-0.04,0,-0.06,0.01,0,157607,39.78,-84.2
Pomona CA,Pomona,California,-0.01,-0.03,-0,-0,0,157501,34.06,-117.76
Santa Rosa CA,Santa Rosa,California,-0.02,-0.03,0.09,-0.04,0.07,156669,38.45,-122.7
Tallahassee FL,Tallahassee,Florida,0.08,-0.06,0.06,0.05,0.1,154114,30.46,-84.28
Chattanooga TN,Chattanooga,Tennessee,0.05,-0.06,0.02,0.05,0.01,153617,35.07,-85.26
Rockford IL,Rockford,Illinois,-0.02,0,0,0.03,-0.05,153148,42.27,-89.06
Springfield MA,Springfield,Massachusetts,-0.04,0.1,-0.14,-0.04,0.07,152095,42.12,-72.54
Paterson NJ,Paterson,New Jersey,0.09,-0.05,-0.14,0.03,0.1,151523,40.91,-74.16
Springfield MO,Springfield,Missouri,-0.07,0.02,0.06,0.01,0.03,150128,37.2,-93.29
Salinas CA,Salinas,California,-0,-0.05,0.05,0.01,0.08,150050,36.68,-121.64
Salem OR,Salem,Oregon,-0.05,-0.04,0.08,-0.01,-0.06,148942,44.92,-123.02
Hampton VA,Hampton,Virginia,-0.02,-0.03,0,0.03,0.07,148201,37.05,-76.29
Naperville IL,Naperville,Illinois,0.02,-0.01,0.07,0,0.02,147178,41.76,-88.15
Pasadena CA,Pasadena,California,0.07,-0.08,0.02,-0.07,0.15,146676,34.16,-118.14
Peoria AZ,Peoria,Arizona,-0.01,-0.03,0.08,0.04,-0.01,146634,33.69,-112.24
Eugene OR,Eugene,Oregon,-0.03,-0.01,0.05,-0.07,0.09,146483,44.05,-123.11
Torrance CA,Torrance,California,0.02,0.01,0,-0.07,0.06,146264,33.83,-118.34
Hollywood FL,Hollywood,Florida,0,-0.07,0,-0.01,0.09,145877,26.03,-80.16
Pasadena TX,Pasadena,Texas,0.01,-0.04,0.03,0.02,-0.02,145351,29.66,-95.15
Grand Prairie TX,Grand Prairie,Texas,-0.01,-0,0.03,0.05,-0.04,144018,32.69,-97.02
Sioux Falls SD,Sioux Falls,South Dakota,-0.06,-0,0.09,-0.05,-0.07,143534,43.54,-96.73
Kansas City KS,Kansas City,Kansas,0.06,-0.02,-0.05,-0.02,-0,143402,39.12,-94.73
Joliet IL,Joliet,Illinois,-0.08,0.06,-0.02,0.02,-0.01,141246,41.53,-88.12
Syracuse NY,Syracuse,New York,0.02,0.01,-0.04,0.04,-0.06,140793,43.04,-76.14
Hayward CA,Hayward,California,0.02,-0.02,-0.03,-0.11,0.11,140704,37.63,-122.1
Lakewood CO,Lakewood,Colorado,-0.08,0.01,0.01,0.01,-0,140154,39.7,-105.11
Palmdale CA,Palmdale,California,-0.08,-0.03,-0.01,-0.03,0.04,139337,34.61,-118.09
Bridgeport CT,Bridgeport,Connecticut,0.04,-0.05,-0.05,-0.04,0.04,138901,41.19,-73.2
Escondido CA,Escondido,California,-0.05,0.02,0.01,-0.01,-0.02,137823,33.14,-117.07
Cape Coral FL,Cape Coral,Florida,0.01,-0.01,0.07,0.04,-0.03,137134,26.64,-82
Fullerton CA,Fullerton,California,-0.02,-0,0.01,-0.04,0.05,137126,33.88,-117.93
Orange CA,Orange,California,0.07,-0.05,0.05,-0.02,0.08,134868,33.81,-117.82
Coral Springs FL,Coral Springs,Florida,0.04,0.03,-0.01,0.01,0.01,134773,26.27,-80.26
Mesquite TX,Mesquite,Texas,-0.01,0.06,-0.08,-0.02,-0.05,132746,32.77,-96.6
Warren MI,Warren,Michigan,0.02,0.08,-0.01,0.02,-0.11,132537,42.49,-83.03
Lancaster CA,Lancaster,California,-0,0.05,0.04,-0,0.04,131779,34.69,-118.18
Fort Collins CO,Fort Collins,Colorado,-0.12,-0.01,0.01,-0.01,0.06,131505,40.56,-105.07
Thousand Oaks CA,Thousand Oaks,California,0.04,-0.05,0.13,-0.01,0.03,130136,34.19,-118.87
Gainesville FL,Gainesville,Florida,0.01,-0.01,-0.02,0,0.14,127933,29.67,-82.34
El Monte CA,El Monte,California,-0.03,-0,0.08,-0.07,0.04,127195,34.07,-118.03
Alexandria VA,Alexandria,Virginia,-0.01,0.04,-0.08,-0.03,0.02,127159,38.82,-77.09
Sterling Heights MI,Sterling Heights,Michigan,0.03,0,0.02,0.05,-0.08,127027,42.58,-83.03
Concord CA,Concord,California,-0.01,-0.01,0.06,-0.02,-0,126360,37.97,-122
Sunnyvale CA,Sunnyvale,California,0.01,-0.04,0.09,-0.05,-0.01,125486,37.39,-122.03
New Haven CT,New Haven,Connecticut,0.07,-0.09,-0.11,0.06,0.09,125030,41.31,-72.92
Fayetteville NC,Fayetteville,North Carolina,0.04,-0.05,-0.03,0.02,0.02,124919,35.07,-78.9
Savannah GA,Savannah,Georgia,0.07,-0.12,-0.01,0.05,0.08,124898,32.02,-81.13
Elizabeth NJ,Elizabeth,New Jersey,0.05,-0.02,-0.14,-0.04,0.01,124552,40.67,-74.19
Hartford CT,Hartford,Connecticut,0.02,-0.06,-0.16,-0.01,0.08,123836,41.77,-72.68
Cedar Rapids IA,Cedar Rapids,Iowa,-0.06,0.01,0.01,0,-0.07,123243,41.97,-91.67
Carrollton TX,Carrollton,Texas,-0.02,-0.01,0.07,-0.05,-0,123154,32.99,-96.9
Miramar FL,Miramar,Florida,-0.02,-0.06,0.04,-0.01,0.07,123116,25.98,-80.33
Stamford CT,Stamford,Connecticut,0.02,-0.02,-0.14,0.03,0,122011,41.1,-73.55
Topeka KS,Topeka,Kansas,-0.02,0.03,0.05,0.02,-0.06,121229,39.04,-95.69
Vallejo CA,Vallejo,California,0.05,-0.04,-0.01,0.03,0.06,121146,38.11,-122.26
Simi Valley CA,Simi Valley,California,-0.01,0.01,0.11,-0.02,0.01,121033,34.26,-118.75
Roseville CA,Roseville,California,0.06,-0.06,0.08,0.06,-0.07,120444,38.76,-121.29
Waco TX,Waco,Texas,0.04,-0.04,0.01,0.05,0.02,119911,31.57,-97.18
Olathe KS,Olathe,Kansas,-0.03,0.01,0.07,-0.03,-0.06,118165,38.89,-94.81
Columbia SC,Columbia,South Carolina,0.13,-0.07,-0.01,0.02,0.06,118020,34.04,-80.89
Lansing MI,Lansing,Michigan,-0.07,0.07,-0.01,-0.03,0.01,117236,42.71,-84.55
Inglewood CA,Inglewood,California,0.1,-0.15,-0.06,-0.03,0.15,116797,33.96,-118.34
Springfield IL,Springfield,Illinois,0.01,0.1,-0.07,-0.04,-0.1,116725,39.78,-89.64
Flint MI,Flint,Michigan,0.06,-0.07,-0.09,0.06,0.02,115691,43.02,-83.69
Evansville IN,Evansville,Indiana,-0.03,0.02,0.02,0,-0.04,114237,37.98,-87.54
West Valley City UT,West Valley City,Utah,-0.04,-0.05,0.09,-0.01,-0.09,113989,40.69,-112.01
Abilene TX,Abilene,Texas,-0.06,0.08,0.03,0.06,-0.02,113888,32.45,-99.74
Ann Arbor MI,Ann Arbor,Michigan,-0.04,-0.01,-0.01,-0.03,0.16,113716,42.28,-83.73
Clarksville TN,Clarksville,Tennessee,0,0.05,-0.01,0.01,-0.1,113379,36.56,-87.35
Peoria IL,Peoria,Illinois,-0.01,0.02,-0.02,0.02,-0.04,112894,40.74,-89.61
Downey CA,Downey,California,0.01,-0.04,0.05,-0.01,0.08,112762,33.94,-118.13
Lafayette LA,Lafayette,Louisiana,0.07,0.01,0.02,0,-0.02,112317,30.22,-92.03
Bellevue WA,Bellevue,Washington,-0.03,-0.02,0.07,-0.04,-0.04,111896,47.6,-122.16
Beaumont TX,Beaumont,Texas,0.02,-0.03,0.02,0.05,0.01,110949,30.09,-94.14
West Covina CA,West Covina,California,0.01,-0.04,0.04,-0.08,0.02,110646,34.05,-117.91
Visalia CA,Visalia,California,-0.02,0.07,0.05,-0.02,-0.03,110620,36.33,-119.32
Manchester NH,Manchester,New Hampshire,0.05,0.03,0.04,0.02,-0.06,110384,42.98,-71.44
Independence MO,Independence,Missouri,0.02,-0.02,0.05,-0.01,-0.07,110124,39.09,-94.35
Norwalk CA,Norwalk,California,0.02,-0.01,-0.02,-0.04,0.12,110002,33.91,-118.08
Thornton CO,Thornton,Colorado,0.01,-0,0.1,-0.02,0.04,109695,39.89,-104.96
Antioch CA,Antioch,California,-0.06,0.01,-0.02,-0.02,-0.02,109485,37.99,-121.8
Costa Mesa CA,Costa Mesa,California,-0.01,-0.05,0.06,-0,0.06,109357,33.67,-117.91
Waterbury CT,Waterbury,Connecticut,-0.04,0.01,-0.09,-0.01,-0.06,108645,41.56,-73.04
Clearwater FL,Clearwater,Florida,0.06,-0.01,0.07,0.02,0.06,107866,27.98,-82.77
Fairfield CA,Fairfield,California,-0.02,-0.05,0.06,0.01,0.1,107749,38.25,-122.04
Richardson TX,Richardson,Texas,0.03,0,-0.01,0.01,-0.03,107481,32.97,-96.71
Killeen TX,Killeen,Texas,0.03,-0.04,-0.06,0.03,0.09,106441,31.1,-97.72
Charleston SC,Charleston,South Carolina,0.09,-0.03,0.01,0.02,0.04,106372,32.79,-79.99
Provo UT,Provo,Utah,-0.04,-0.06,0.19,-0.04,-0.07,105832,40.25,-111.64
West Jordan UT,West Jordan,Utah,-0.04,-0.04,0.1,0.05,-0.06,105629,40.6,-111.99
Burbank CA,Burbank,California,0.04,-0.02,-0.02,0.03,0.11,105515,34.19,-118.33
Denton TX,Denton,Texas,-0,0.07,0.03,-0.01,0.04,105431,33.21,-97.13
Allentown PA,Allentown,Pennsylvania,-0.03,0.06,0.02,-0.03,-0,105224,40.6,-75.48
Westminster CO,Westminster,Colorado,-0.06,-0,0.07,0.03,-0.03,104708,39.88,-105.05
Pueblo CO,Pueblo,Colorado,0.01,-0.04,0.06,0.03,0.01,104659,38.27,-104.62
Richmond CA,Richmond,California,0.03,-0.06,-0.05,0.03,0.1,103818,37.95,-122.36
Rialto CA,Rialto,California,0.02,-0.02,-0.03,0.03,0.05,103423,34.11,-117.39
Lowell MA,Lowell,Massachusetts,-0.02,0.06,-0.02,-0.07,-0.09,103085,42.64,-71.32
South Bend IN,South Bend,Indiana,0.02,-0.02,-0.02,0.01,0.02,102927,41.68,-86.27
Norman OK,Norman,Oklahoma,-0.05,0.09,0.03,-0.01,0.11,102925,35.23,-97.34
Santa Clara CA,Santa Clara,California,0.04,0,-0.02,-0.06,-0,102178,37.37,-121.97
Arvada CO,Arvada,Colorado,-0.02,-0.06,0.1,0.07,-0.02,101633,39.82,-105.11
Cambridge MA,Cambridge,Massachusetts,-0,-0,-0.08,-0.05,0.14,101342,42.38,-71.12
Billings MT,Billings,Montana,-0.08,0.03,0.07,0.05,0,101249,45.79,-108.54
Gresham OR,Gresham,Oregon,-0.03,0.03,0.08,0,0.01,100674,45.5,-122.44
Green Bay WI,Green Bay,Wisconsin,-0.04,0.08,-0.03,-0.05,-0.06,100616,44.52,-87.99
Wichita Falls TX,Wichita Falls,Texas,-0.03,0.08,0.02,-0.02,-0.02,100616,33.9,-98.52
South Gate CA,South Gate,California,0.01,-0.01,-0.05,-0.02,0.05,100612,33.94,-118.19
Berkeley CA,Berkeley,California,-0.03,0.02,-0.07,-0.12,0.21,99653,37.87,-122.27
Elk Grove CA,Elk Grove,California,-0.02,-0.04,0.09,-0.02,-0.06,99467,38.4,-121.37
Elgin IL,Elgin,Illinois,0.01,-0.03,-0.05,-0.04,-0.04,99411,42.04,-88.29
Erie PA,Erie,Pennsylvania,0,0.09,-0,0.02,-0.04,98968,42.13,-80.09
Portsmouth VA,Portsmouth,Virginia,0.03,0.05,0.01,-0.01,0.12,98664,36.86,-76.36
Midland TX,Midland,Texas,-0.02,0.03,0.07,-0,-0.08,98261,32.03,-102.1
Rochester MN,Rochester,Minnesota,-0.02,-0.09,0.09,-0.01,-0.08,98227,44.01,-92.48
Vacaville CA,Vacaville,California,-0.03,0.05,0.03,-0.02,0.02,98110,38.36,-121.97
Daly City CA,Daly City,California,-0.03,0.05,0.02,-0.04,-0.01,98084,37.69,-122.47
Murrieta CA,Murrieta,California,0.03,-0.03,0.1,-0.02,-0.04,97999,33.56,-117.21
Livonia MI,Livonia,Michigan,0,0.02,0.02,-0.04,-0.05,97722,42.4,-83.37
Everett WA,Everett,Washington,-0.04,0.04,-0.02,-0.05,0.01,97575,47.96,-122.2
Lewisville TX,Lewisville,Texas,0.04,0.04,0.01,-0,-0.06,97496,33.04,-96.98
Compton CA,Compton,California,0.13,-0.14,-0.07,0.01,0.17,97338,33.89,-118.23
Mission Viejo CA,Mission Viejo,California,0.11,-0.1,0.02,-0,0.06,97001,33.61,-117.65
Gary IN,Gary,Indiana,0.08,-0.15,-0.03,0.11,0.16,96950,41.6,-87.34
Carson CA,Carson,California,0.05,-0.08,0.03,0.01,0.17,96933,33.84,-118.26
Davenport IA,Davenport,Iowa,0.01,0.02,0.01,-0.01,-0.13,96595,41.56,-90.6
High Point NC,High Point,North Carolina,-0.09,0.05,0.01,-0,0.05,96011,35.98,-80
Centennial CO,Centennial,Colorado,-0.07,-0.02,0.06,0.01,0.05,95961,39.6,-104.85
West Palm Beach FL,West Palm Beach,Florida,0.09,-0.11,0.03,0.03,0.09,95924,26.75,-80.13
Round Rock TX,Round Rock,Texas,-0.06,0.07,0.05,-0.07,-0.03,95330,30.52,-97.67
Brockton MA,Brockton,Massachusetts,-0.03,0.04,-0.05,-0.02,0.01,94945,42.08,-71.03
El Cajon CA,El Cajon,California,-0.03,-0.03,0.13,0.01,-0.05,94767,32.8,-116.96
Orem UT,Orem,Utah,-0.04,-0.05,0.17,0.01,-0.05,94758,40.3,-111.7
Dearborn MI,Dearborn,Michigan,-0.02,0.07,0.03,-0.04,0.02,94681,42.31,-83.21
Kenosha WI,Kenosha,Wisconsin,0.02,-0,-0.01,0.04,-0.01,94673,42.58,-87.85
New Bedford MA,New Bedford,Massachusetts,-0.04,0.07,-0.02,-0.04,-0.08,94039,41.66,-70.94
Redding CA,Redding,California,-0.03,0,0.03,0.02,0.01,93865,40.57,-122.36
Carlsbad CA,Carlsbad,California,0.05,-0.02,0.09,-0.03,-0,93848,33.12,-117.29
Waukegan IL,Waukegan,Illinois,0.06,-0.12,0.01,0.01,0.06,93664,42.37,-87.87
Albany NY,Albany,New York,0.03,0.02,-0.07,0.03,0.08,93576,42.67,-73.8
Vista CA,Vista,California,-0.01,-0.01,0.03,-0.02,0.12,93266,33.19,-117.24
Fall River MA,Fall River,Massachusetts,0,0.11,0.04,-0.05,-0.06,93128,41.71,-71.11
Wilmington NC,Wilmington,North Carolina,-0,0.06,0.04,-0.01,-0.04,93097,34.21,-77.91
Columbia MO,Columbia,Missouri,0.01,-0.03,0.12,0.03,0.02,92756,38.95,-92.33
Fargo ND,Fargo,North Dakota,-0.01,0.01,0.03,-0.05,0.01,92396,46.88,-96.82
Tyler TX,Tyler,Texas,0.01,-0.02,0.04,-0.01,0.04,92155,32.33,-95.3
Sunrise FL,Sunrise,Florida,0.01,0.01,-0.01,-0.02,0.02,92094,26.15,-80.3
Lakeland FL,Lakeland,Florida,0.01,0.02,0.01,0.06,0.01,92011,28.04,-81.96
Lawton OK,Lawton,Oklahoma,-0.01,0.04,-0.05,0.04,-0.03,91453,34.6,-98.42
Odessa TX,Odessa,Texas,0.01,-0.03,0,0.01,-0.02,91246,31.87,-102.35
Palm Bay FL,Palm Bay,Florida,-0.05,-0.01,0,0.01,-0.05,91080,27.99,-80.66
Boulder CO,Boulder,Colorado,0.01,-0.04,0.04,-0.04,0.16,90957,40.03,-105.25
Pompano Beach FL,Pompano Beach,Florida,0,-0.03,-0.01,0.02,0.07,90446,26.24,-80.13
Roanoke VA,Roanoke,Virginia,-0.05,0.06,0.03,-0,0.03,90410,37.28,-79.96
Temecula CA,Temecula,California,0.02,-0.06,0.08,0.02,0.03,90347,33.5,-117.13
Citrus Heights CA,Citrus Heights,California,-0.01,-0.02,0.12,0.04,0.03,90277,38.69,-121.29
Westminster CA,Westminster,California,-0.01,0.05,0.05,-0.09,-0.03,90187,33.75,-117.99
Clovis CA,Clovis,California,-0.02,-0.02,0.06,0.02,0.02,90115,36.82,-119.7
Yakima WA,Yakima,Washington,-0.11,-0,0.02,-0.02,-0.06,89815,46.59,-120.53
Lynn MA,Lynn,Massachusetts,-0.07,0.1,-0.14,-0.08,-0.05,89786,42.47,-70.96
Sandy UT,Sandy,Utah,0,-0.09,0.14,0.02,-0.02,89698,40.57,-111.85
Tracy CA,Tracy,California,0.04,-0.04,0.06,-0.09,0.05,89639,37.74,-121.43
Miami Beach FL,Miami Beach,Florida,0.14,-0.06,-0.14,0.01,0.13,89531,25.81,-80.14
San Mateo CA,San Mateo,California,0.02,-0.02,-0,-0.06,-0.03,89495,37.56,-122.31
Quincy MA,Quincy,Massachusetts,-0.01,0.07,0.01,-0.05,-0.05,89347,42.26,-71.01
Santa Monica CA,Santa Monica,California,0.03,-0.06,-0.04,-0.02,0.16,89112,34.01,-118.49
Greeley CO,Greeley,Colorado,-0.01,-0.08,0.09,0.06,0.04,88957,40.42,-104.74
Alhambra CA,Alhambra,California,-0.06,0.03,0.01,-0.1,-0.12,88857,34.08,-118.13
Sparks NV,Sparks,Nevada,-0.02,-0.03,0.1,0.03,-0.04,88518,39.54,-119.74
Warwick RI,Warwick,Rhode Island,-0.02,0.1,0.01,-0.02,-0.13,88443,41.7,-71.42
Murfreesboro TN,Murfreesboro,Tennessee,0.03,0.03,0.03,0.01,-0.04,88161,35.85,-86.39
San Angelo TX,San Angelo,Texas,-0.02,-0,-0.02,0.02,-0.09,88143,31.45,-100.45
Victorville CA,Victorville,California,-0.03,0.05,-0.02,-0.03,0.01,87903,34.52,-117.33
Hawthorne CA,Hawthorne,California,-0.02,0.01,-0.01,-0.06,0.03,87677,33.91,-118.35
Nashua NH,Nashua,New Hampshire,-0.05,0.07,0.07,-0.03,-0.05,87113,42.75,-71.49
Santa Maria CA,Santa Maria,California,-0.03,-0.06,0.11,-0.01,0.07,87107,34.94,-120.44
Broken Arrow OK,Broken Arrow,Oklahoma,0,-0.01,0.09,-0.03,-0.05,86817,36.04,-95.79
Plantation FL,Plantation,Florida,0.03,-0.05,-0.01,0.03,0.05,86330,26.13,-80.26
Whittier CA,Whittier,California,0.01,-0.06,0,-0.03,0.05,86182,33.97,-118.02
Santa Barbara CA,Santa Barbara,California,0.05,-0,0.04,-0.06,0.12,86115,34.43,-119.72
Longmont CO,Longmont,Colorado,-0.06,0.03,0.02,-0,-0.02,85988,40.17,-105.11
Yuma AZ,Yuma,Arizona,-0.03,0.02,-0,0.05,-0.07,85720,32.68,-114.62
Hillsboro OR,Hillsboro,Oregon,-0.05,-0.07,0.13,0.02,-0.01,85046,45.53,-122.94
Newton MA,Newton,Massachusetts,0.05,0.01,0.07,0.02,-0.01,84969,42.33,-71.21
Norwalk CT,Norwalk,Connecticut,-0.01,-0.04,-0.02,0.01,0.01,84801,41.09,-73.42
Trenton NJ,Trenton,New Jersey,0.11,-0.1,-0.17,-0.04,-0.05,84653,40.22,-74.76
Deltona FL,Deltona,Florida,-0.06,0.03,-0.01,0.04,-0.05,84646,28.91,-81.21
Duluth MN,Duluth,Minnesota,-0.03,-0.01,0.03,0.02,-0.05,84472,46.78,-92.12
Allen TX,Allen,Texas,0.01,-0.04,0.14,-0.02,-0.03,84467,33.11,-96.67
Westland MI,Westland,Michigan,-0.03,0.1,-0.06,-0.01,-0.06,84414,42.32,-83.38
Suffolk VA,Suffolk,Virginia,-0.05,0.06,-0,-0,-0.05,84396,36.7,-76.64
Lawrence KS,Lawrence,Kansas,-0.02,-0.02,0.04,-0.02,0.04,83948,38.96,-95.26
Beaverton OR,Beaverton,Oregon,-0.05,-0.02,0.09,-0.02,-0.02,83920,45.48,-122.82
Cranston RI,Cranston,Rhode Island,-0.01,0.12,-0.01,-0,-0.04,83595,41.77,-71.48
North Charleston SC,North Charleston,South Carolina,0.02,-0.01,0.02,-0.01,-0.07,83247,32.91,-80.04
Kent WA,Kent,Washington,-0.02,-0.08,0.1,0.04,-0.1,82896,47.39,-122.24
Sioux City IA,Sioux City,Iowa,0.01,0.07,0.01,-0.01,-0.09,82863,42.5,-96.39
Lakewood CA,Lakewood,California,0.01,-0.05,0.11,0.03,0.01,82632,33.85,-118.12
Fort Smith AR,Fort Smith,Arkansas,0.02,-0.01,0.03,0.01,0.02,82304,35.37,-94.38
Parma OH,Parma,Ohio,-0.03,0.1,0,0.03,-0.09,81917,41.38,-81.73
Boca Raton FL,Boca Raton,Florida,0.05,-0.01,0.07,0.01,0.07,81868,26.37,-80.11
Livermore CA,Livermore,California,0,-0.04,0.09,0.01,-0,81787,37.69,-121.76
Las Cruces NM,Las Cruces,New Mexico,-0.02,-0.02,0.01,0.02,0.06,81473,32.34,-106.76
Baldwin Park CA,Baldwin Park,California,-0,0.03,-0.02,-0.08,-0.01,81467,34.08,-117.97
Troy MI,Troy,Michigan,-0.04,0.02,0.04,-0.03,-0.02,81296,42.58,-83.14
Chino Hills CA,Chino Hills,California,0.06,-0.09,0.02,-0.03,0.01,80817,33.97,-117.75
College Station TX,College Station,Texas,-0.01,-0,0.02,-0,0.03,80627,30.6,-96.31
Bloomington MN,Bloomington,Minnesota,0.03,-0.03,0.03,0.03,-0.07,80627,44.83,-93.32
Clifton NJ,Clifton,New Jersey,-0.01,0.1,-0.03,-0.03,-0.04,80446,40.86,-74.16
Camden NJ,Camden,New Jersey,0.04,-0.06,-0.1,0.02,0.09,80393,39.94,-75.11
Federal Way WA,Federal Way,Washington,0.03,-0.04,0.09,-0.02,-0.02,80336,47.31,-122.34
Frisco TX,Frisco,Texas,0.04,-0.04,0.05,-0,-0.01,80192,33.14,-96.81
Tuscaloosa AL,Tuscaloosa,Alabama,0.04,-0.05,0.01,0.05,-0.04,80164,33.24,-87.54
San Leandro CA,San Leandro,California,0.02,-0.03,0.01,0.01,0.06,80015,37.71,-122.15
Farmington Hills MI,Farmington Hills,Michigan,0.04,-0.05,0.02,-0.01,-0.07,79530,42.49,-83.38
Reading PA,Reading,Pennsylvania,-0.05,0.05,-0.03,0.04,-0.01,79476,40.34,-75.93
Buena Park CA,Buena Park,California,-0,0.04,0.01,-0.03,0.03,79388,33.86,-118
Newport Beach CA,Newport Beach,California,0.14,-0.11,0,0.04,0.04,79305,33.61,-117.87
Danbury CT,Danbury,Connecticut,0.02,0.04,-0.06,-0.02,0.02,79292,41.4,-73.47
Avondale AZ,Avondale,Arizona,0.01,0.01,-0.03,-0.01,-0.1,79125,33.42,-112.32
Racine WI,Racine,Wisconsin,-0.04,0.03,-0.07,0.05,-0.06,78703,42.73,-87.81
Ogden UT,Ogden,Utah,-0.08,-0.01,0.09,0.05,-0.01,78572,41.23,-111.97
Sugar Land TX,Sugar Land,Texas,0.02,-0.05,0.02,-0.04,-0.04,78502,29.62,-95.62
Hammond IN,Hammond,Indiana,0.01,0.08,-0.12,0.02,-0,78051,41.62,-87.49
Nampa ID,Nampa,Idaho,-0.04,-0,0.03,0.02,-0.11,77893,43.58,-116.56
Napa CA,Napa,California,-0.05,0.11,-0.01,-0.07,0.02,77884,38.3,-122.3
Canton OH,Canton,Ohio,-0.01,0.05,-0.06,0.04,-0.02,77575,40.81,-81.37
Melbourne FL,Melbourne,Florida,-0.01,-0.02,0.03,0.02,0.02,77320,28.11,-80.64
Chino CA,Chino,California,0.02,-0.05,0.07,0.03,0.09,77147,34.01,-117.69
Decatur IL,Decatur,Illinois,-0.03,0.01,0,0.09,-0.06,77026,39.85,-88.93
Champaign IL,Champaign,Illinois,-0.02,0.09,0.02,-0.01,0.01,76999,40.11,-88.26
Lake Forest CA,Lake Forest,California,0.01,-0.02,0.1,-0.02,-0.01,76859,33.63,-117.7
Roswell GA,Roswell,Georgia,-0,-0.03,0.01,-0.01,0.03,76825,34.04,-84.36
Youngstown OH,Youngstown,Ohio,0.04,-0.03,-0.06,0.09,0.06,76590,41.1,-80.65
Southfield MI,Southfield,Michigan,0.02,-0.12,0.03,0.06,0.04,76506,42.48,-83.26
Bellflower CA,Bellflower,California,-0.03,-0.05,0.06,-0.01,0.04,76437,33.89,-118.13
Longview TX,Longview,Texas,0.02,-0,0.08,-0,-0.02,76372,32.52,-94.76
Hesperia CA,Hesperia,California,-0.01,0.03,0.08,0.07,-0.02,75966,34.42,-117.3
Albany GA,Albany,Georgia,0.03,-0.06,-0.03,0.05,0.02,75510,31.58,-84.18
Evanston IL,Evanston,Illinois,0.02,-0.02,-0.05,-0.05,0.14,75419,42.05,-87.69
Upland CA,Upland,California,0.03,-0.09,0.1,-0,0.08,75365,34.12,-117.66
Pawtucket RI,Pawtucket,Rhode Island,0.03,-0.02,-0.03,0.03,0.05,75297,41.87,-71.37
Edmond OK,Edmond,Oklahoma,0.05,-0.05,0.09,0.03,0.02,75061,35.67,-97.41
Surprise AZ,Surprise,Arizona,-0,0.03,0.03,0.01,-0.08,74962,33.66,-112.47
Somerville MA,Somerville,Massachusetts,-0,0.03,-0.01,-0.06,-0.01,74802,42.39,-71.1
Bellingham WA,Bellingham,Washington,-0.1,-0.02,0.11,-0.03,0.07,74770,48.74,-122.47
Merced CA,Merced,California,-0.03,-0.07,0.07,0.05,-0.06,74415,37.3,-120.48
Bethlehem PA,Bethlehem,Pennsylvania,-0.04,0.03,-0.02,-0,-0.01,74087,40.63,-75.37
Missouri City TX,Missouri City,Texas,0.01,-0.03,-0.08,-0.05,0.04,73529,29.57,-95.54
Plymouth MN,Plymouth,Minnesota,-0,-0.05,0.07,-0.02,-0.02,73505,45.02,-93.46
Kalamazoo MI,Kalamazoo,Michigan,0.01,-0.02,0.01,-0.01,0.04,73504,42.27,-85.59
San Marcos CA,San Marcos,California,-0.04,-0.03,0.03,-0.03,0.03,73020,33.14,-117.17
Weston FL,Weston,Florida,0.03,-0.01,-0.01,-0.03,0.03,72902,26.1,-80.4
Lynwood CA,Lynwood,California,0.01,0.01,0.03,-0.02,0.05,72890,33.92,-118.2
New Rochelle NY,New Rochelle,New York,0.05,-0.03,-0.08,0.02,-0.03,72865,40.92,-73.78
Lawrence MA,Lawrence,Massachusetts,0.01,-0.02,-0.02,-0.02,0.02,72669,42.7,-71.16
Greenville NC,Greenville,North Carolina,-0.01,-0.03,0.01,0.02,-0.01,72617,35.6,-77.37
Scranton PA,Scranton,Pennsylvania,-0.02,0.08,-0.09,-0.01,-0.05,72516,41.4,-75.67
Chico CA,Chico,California,-0.05,0.02,0.09,0.03,0.1,71997,39.75,-121.81
Bloomington IL,Bloomington,Illinois,-0.02,0.09,0.04,-0.02,-0.01,71804,40.48,-88.97
Folsom CA,Folsom,California,-0.03,0.12,-0.02,-0,-0.06,71775,38.68,-121.15
Largo FL,Largo,Florida,-0.04,0.07,0.07,0.02,0.01,71688,27.91,-82.78
Redlands CA,Redlands,California,0.02,-0.03,0.05,0.03,0.08,71605,34.06,-117.17
Gulfport MS,Gulfport,Mississippi,-0.07,0.14,-0.02,0.04,0.01,71400,30.39,-89.07
New Britain CT,New Britain,Connecticut,-0.02,0.01,-0.1,-0.05,-0.06,71362,41.68,-72.79
Redwood City CA,Redwood City,California,0.01,0.04,-0.03,-0.02,0.05,71340,37.52,-122.21
Hemet CA,Hemet,California,-0.07,0.05,0.03,0.01,-0.07,71300,33.73,-117
Bloomington IN,Bloomington,Indiana,-0.05,0.03,0,-0.01,0.06,71260,39.17,-86.52
Wilmington DE,Wilmington,Delaware,0.03,-0,-0.11,-0.06,0.06,71065,39.74,-75.53
Medford OR,Medford,Oregon,-0.04,0.03,0.04,0.03,-0.02,70717,42.34,-122.85
Santa Fe NM,Santa Fe,New Mexico,0.06,-0.01,0.04,0.03,0.19,70598,35.68,-105.95
Turlock CA,Turlock,California,-0.05,0,0.05,0.02,-0.01,70570,37.5,-120.85
Wyoming MI,Wyoming,Michigan,-0.03,0.09,0.04,-0.05,-0.07,70474,42.89,-85.7
Bryan TX,Bryan,Texas,-0.07,0.03,-0.09,-0.01,-0.09,70386,30.67,-96.37
Union City CA,Union City,California,0.03,-0.08,0.07,-0.06,0.08,70125,37.6,-122.02
Appleton WI,Appleton,Wisconsin,-0.06,0,0.01,-0.01,-0.1,70090,44.27,-88.4
Alameda CA,Alameda,California,-0.02,0.01,-0.04,-0.04,0.09,70069,37.77,-122.26
Lake Charles LA,Lake Charles,Louisiana,0.02,-0.03,0.04,0.04,0.01,69910,30.21,-93.2
Indio CA,Indio,California,-0.03,0.03,-0.05,-0.04,-0.02,69736,33.72,-116.23
Manteca CA,Manteca,California,-0.01,0.02,0.1,0,-0.03,69588,37.8,-121.22
Kenner LA,Kenner,Louisiana,0.03,-0.02,0.02,-0.01,-0.06,69514,29.99,-90.25
Passaic NJ,Passaic,New Jersey,0.01,0.03,-0.08,0.02,0.05,69035,40.86,-74.13
Tustin CA,Tustin,California,0.02,0.02,0.11,-0.01,-0,69024,33.73,-117.81
Bend OR,Bend,Oregon,-0.08,-0.07,0.08,0.01,-0.11,68945,44.07,-121.31
Rochester Hills MI,Rochester Hills,Michigan,0.02,-0.01,0.08,-0,0.06,68879,42.67,-83.16
Waukesha WI,Waukesha,Wisconsin,-0.03,0.03,0.01,-0.02,-0.03,68725,43.01,-88.24
Redondo Beach CA,Redondo Beach,California,0.03,-0.07,0.09,-0.01,0.09,68669,33.86,-118.38
Asheville NC,Asheville,North Carolina,-0.07,0.04,0.05,0,0.01,68654,35.57,-82.55
Jacksonville NC,Jacksonville,North Carolina,0.01,0.05,-0.03,0.02,-0.03,68201,34.76,-77.4
East Orange NJ,East Orange,New Jersey,0.03,-0.08,-0.07,0.02,0.13,68064,40.77,-74.21
Mount Vernon NY,Mount Vernon,New York,-0.01,0,-0.13,-0.06,0.01,68048,40.91,-73.83
Pontiac MI,Pontiac,Michigan,0.02,0.02,-0.07,0.03,0.11,67952,42.65,-83.29
Gastonia NC,Gastonia,North Carolina,0.01,0.07,0.07,-0.01,0.01,67937,35.25,-81.17
Mountain View CA,Mountain View,California,-0.04,-0.04,0.04,-0.03,0.05,67788,37.4,-122.08
Boynton Beach FL,Boynton Beach,Florida,-0.01,-0.03,-0,-0.01,0.03,67720,26.53,-80.08
Lorain OH,Lorain,Ohio,0,0.04,0.02,0.05,0.04,67692,41.44,-82.18
Brooklyn Park MN,Brooklyn Park,Minnesota,0.02,-0.02,0.09,0.01,0,67660,45.11,-93.35
Hoover AL,Hoover,Alabama,-0.01,0.03,0.04,0.02,-0.02,67576,33.38,-86.82
Baytown TX,Baytown,Texas,-0.04,0.03,0.03,0.01,-0.05,67487,29.75,-94.97
Pleasanton CA,Pleasanton,California,0.02,0,0.06,-0.02,0.04,67119,37.67,-121.89
Kissimmee FL,Kissimmee,Florida,-0.04,0.03,-0.06,0.02,0.04,67085,28.3,-81.41
Laguna Niguel CA,Laguna Niguel,California,0.02,-0.01,-0.01,-0.03,-0.02,67009,33.53,-117.7
Davis CA,Davis,California,-0.02,0,0.06,-0.07,0.03,66992,38.55,-121.74
Pico Rivera CA,Pico Rivera,California,0.01,-0.06,0.04,-0.03,-0,66874,33.99,-118.09
Rio Rancho NM,Rio Rancho,New Mexico,-0,-0.05,0.05,0.04,-0,66833,35.27,-106.66
Delray Beach FL,Delray Beach,Florida,0.02,-0.01,-0.02,0.03,0.09,66633,26.45,-80.09
Deerfield Beach FL,Deerfield Beach,Florida,0.02,-0.01,0.05,0.02,0,66628,26.31,-80.12
Fayetteville AR,Fayetteville,Arkansas,-0.04,0.05,0.07,-0.01,0.03,66288,36.07,-94.16
Union City NJ,Union City,New Jersey,0.01,0.04,-0.12,-0.04,0.04,65939,40.77,-74.03
Yorba Linda CA,Yorba Linda,California,0.05,-0.01,0.01,-0.05,0.03,65932,33.89,-117.77
League City TX,League City,Texas,0.02,0,-0.02,-0.01,-0.05,65696,29.49,-95.11
Lynchburg VA,Lynchburg,Virginia,-0,0.02,-0,-0.04,-0.03,65485,37.4,-79.19
Walnut Creek CA,Walnut Creek,California,0.03,-0.03,0.05,-0.03,0.12,65334,37.9,-122.04
Waterloo IA,Waterloo,Iowa,-0.05,0.09,-0.04,-0.02,-0.09,65260,42.49,-92.35
Mission TX,Mission,Texas,-0.01,-0.06,-0.03,0.03,-0.02,65215,26.21,-98.32
Framingham MA,Framingham,Massachusetts,-0.03,0.04,-0.03,-0.04,-0.05,65103,42.31,-71.44
Eden Prairie MN,Eden Prairie,Minnesota,0.06,-0.07,0.05,0.04,0.01,65076,44.85,-93.46
San Clemente CA,San Clemente,California,0.07,-0.05,0.08,-0.04,0.01,64987,33.45,-117.61
Taylor MI,Taylor,Michigan,0.04,0.03,0.03,0.03,-0.04,64874,42.23,-83.27
Muncie IN,Muncie,Indiana,-0.01,0.02,-0.03,0.08,-0.04,64771,40.2,-85.39
Daytona Beach FL,Daytona Beach,Florida,0.02,-0.06,0.07,-0.01,-0.02,64735,29.19,-81.05
Montebello CA,Montebello,California,0.02,-0.03,0.08,0.02,0.07,64727,34.02,-118.11
Iowa City IA,Iowa City,Iowa,-0.05,0.05,-0.01,-0.06,0.07,64490,41.66,-91.54
Eagan MN,Eagan,Minnesota,0.05,0.02,0.11,-0.01,-0.16,64393,44.82,-93.16
Missoula MT,Missoula,Montana,0.02,0,0.02,0.04,0.01,64391,46.87,-114.01
North Richland Hills TX,North Richland Hills,Texas,-0.05,0.08,0.01,-0.01,-0.05,64317,32.86,-97.22
Huntington Park CA,Huntington Park,California,-0.03,-0,0.02,-0.02,0.01,64308,33.98,-118.22
Harlingen TX,Harlingen,Texas,-0.02,0.01,0,-0.02,-0.01,64198,26.2,-97.69
Pittsburg CA,Pittsburg,California,0.01,-0.05,-0.01,0.01,0.03,64106,38.02,-121.89
Lodi CA,Lodi,California,0.01,0.03,0.04,0.03,0,64068,38.12,-121.29
National City CA,National City,California,-0.04,-0.02,-0.01,-0.06,-0.07,64065,32.67,-117.1
Springfield OH,Springfield,Ohio,-0.03,0.01,0.01,0.05,-0.08,63915,39.93,-83.8
Monterey Park CA,Monterey Park,California,-0.04,0.05,0.05,-0.07,-0.04,63766,34.05,-118.13
Kennewick WA,Kennewick,Washington,0.04,-0.02,0.01,0.02,-0.04,63593,46.2,-119.17
Camarillo CA,Camarillo,California,-0.01,0.01,0.05,0.01,-0.03,63560,34.22,-119.03
Rockville MD,Rockville,Maryland,-0.01,-0.04,0.02,-0.03,0.02,63516,39.08,-77.15
Edinburg TX,Edinburg,Texas,0.09,-0.12,0.02,0.03,0.03,63193,26.3,-98.16
Layton UT,Layton,Utah,-0.02,-0.04,0.22,0.09,-0.07,63096,41.08,-111.95
Eau Claire WI,Eau Claire,Wisconsin,-0.06,0,0.06,-0.01,-0.04,63049,44.82,-91.49
Oshkosh WI,Oshkosh,Wisconsin,-0.01,0.07,0.04,-0.04,-0.12,62967,44.02,-88.55
Portland ME,Portland,Maine,-0.03,0.12,-0.05,-0.04,0.11,62882,43.66,-70.28
Coon Rapids MN,Coon Rapids,Minnesota,-0.01,-0.01,0.09,0,-0.09,62711,45.17,-93.31
Milpitas CA,Milpitas,California,0.04,-0.01,0.03,-0.06,0,62671,37.43,-121.89
Lafayette IN,Lafayette,Indiana,-0.05,0.06,0.01,0.01,-0.04,62589,40.41,-86.87
Jackson TN,Jackson,Tennessee,0.03,-0.02,0.08,0.05,-0.01,62552,35.63,-88.83
Dothan AL,Dothan,Alabama,0.04,-0.04,-0.01,0,0.05,62449,31.24,-85.41
Rapid City SD,Rapid City,South Dakota,-0.01,0.01,-0.01,0,-0.06,62302,44.08,-103.23
Victoria TX,Victoria,Texas,0.05,0.01,0.07,0.06,0,62296,28.82,-96.98
Encinitas CA,Encinitas,California,-0.01,0.01,0,-0.04,0.12,62273,33.05,-117.26
Maple Grove MN,Maple Grove,Minnesota,-0.03,-0,0.05,-0.04,-0.08,62021,45.11,-93.46
Janesville WI,Janesville,Wisconsin,-0.02,0.04,0.03,0.06,-0.02,61952,42.68,-89.02
Marietta GA,Marietta,Georgia,0.02,-0.01,-0.02,-0.03,0.03,61946,33.95,-84.54
Haverhill MA,Haverhill,Massachusetts,0.04,0.04,0.01,-0.08,0.02,61928,42.78,-71.09
Rock Hill SC,Rock Hill,South Carolina,-0.06,0.09,-0.03,-0.02,0.01,61899,34.94,-81.03
Gaithersburg MD,Gaithersburg,Maryland,-0.02,0.01,0,-0.06,0.01,61649,39.14,-77.22
Concord NC,Concord,North Carolina,-0,-0.04,0.06,0,0.04,61640,35.41,-80.59
Loveland CO,Loveland,Colorado,0.01,-0.05,0.1,0.02,0.06,61578,40.42,-105.07
Gardena CA,Gardena,California,-0.02,0.03,-0.02,-0.03,-0.03,61550,33.89,-118.3
Hamilton OH,Hamilton,Ohio,-0.06,0.04,-0.04,0.04,-0.08,61527,39.39,-84.56
Bristol CT,Bristol,Connecticut,-0.02,0.12,-0.06,0,-0.11,61166,41.68,-72.94
Bossier City LA,Bossier City,Louisiana,0.02,0.04,0.05,0.01,-0.1,60142,32.52,-93.66
Rancho Cordova CA,Rancho Cordova,California,-0,-0.02,0.06,0.02,0.02,59972,38.6,-121.3
Schenectady NY,Schenectady,New York,-0,0.07,-0.05,-0.02,0.14,59930,42.8,-73.93
La Habra CA,La Habra,California,0.07,-0.04,0.05,-0.02,0.02,59799,33.93,-117.95
Shawnee KS,Shawnee,Kansas,-0.04,0.02,0.03,0,-0.04,59626,39.02,-94.8
Warner Robins GA,Warner Robins,Georgia,0.05,0.04,0,0.01,-0.02,59593,32.61,-83.63
Meriden CT,Meriden,Connecticut,-0.01,0.09,-0.04,-0.03,-0.03,59558,41.54,-72.8
Rocklin CA,Rocklin,California,0.01,-0.07,0.05,0,0.01,59546,38.8,-121.24
Bayonne NJ,Bayonne,New Jersey,-0.02,0.07,-0.12,-0.04,0.03,59482,40.66,-74.11
Diamond Bar CA,Diamond Bar,California,-0,-0.02,0.03,-0.03,-0.04,59433,34,-117.81
Burnsville MN,Burnsville,Minnesota,-0,-0.03,0.04,-0.05,-0.06,59357,44.76,-93.28
Pearland TX,Pearland,Texas,-0.03,-0.01,0,0.02,-0.02,59287,29.56,-95.28
Jonesboro AR,Jonesboro,Arkansas,-0.02,0.08,0.03,-0.02,-0.07,59233,35.82,-90.69
Johnson City TN,Johnson City,Tennessee,0.04,-0.01,0.09,0.03,0,59183,36.33,-82.37
Lakewood WA,Lakewood,Washington,-0.03,0.04,0.02,-0,-0.05,58995,47.16,-122.53
West Allis WI,West Allis,Wisconsin,-0.03,0.02,0.03,0.01,-0.12,58958,43.01,-88.03
Council Bluffs IA,Council Bluffs,Iowa,0.01,0.05,-0.01,0.02,-0.09,58834,41.24,-95.86
North Little Rock AR,North Little Rock,Arkansas,-0,-0.04,0.08,0.07,-0.08,58771,34.79,-92.26
Springdale AR,Springdale,Arkansas,-0,0.01,0.05,-0,-0.06,58761,36.18,-94.15
Fishers IN,Fishers,Indiana,-0.01,-0,0.06,-0.02,-0,58678,39.95,-86.02
Vineland NJ,Vineland,New Jersey,-0.02,0.05,-0.08,0.02,0.03,58511,39.46,-75
Cedar Park TX,Cedar Park,Texas,-0.02,-0.01,0.05,-0,-0.07,58499,30.51,-97.83
Flagstaff AZ,Flagstaff,Arizona,-0.02,0.01,0.05,0.01,0.15,58490,35.19,-111.62
Waltham MA,Waltham,Massachusetts,-0.03,0.05,0.06,0.01,-0.08,58407,42.39,-71.24
Carson City NV,Carson City,Nevada,-0.01,-0.02,0.06,0.03,0,58350,39.15,-119.74
Frederick MD,Frederick,Maryland,-0.03,0.03,0.01,-0.05,-0.07,58271,39.43,-77.42
North Miami FL,North Miami,Florida,-0.01,-0.01,-0.05,0.03,0.09,58238,25.9,-80.17
Taylorsville UT,Taylorsville,Utah,-0.02,-0.02,0.12,0.02,-0.09,58200,40.66,-111.94
South San Francisco CA,South San Francisco,California,0.04,-0.02,0.02,-0.02,-0.03,58176,37.66,-122.42
Utica NY,Utica,New York,0.03,0.09,-0.07,-0.01,-0.02,58151,43.1,-75.23
White Plains NY,White Plains,New York,-0.02,0.02,-0.07,-0.09,0.05,58084,41.02,-73.76
Lake Havasu City AZ,Lake Havasu City,Arizona,0.02,-0.03,0.02,0.02,0.03,57685,34.5,-114.31
Ames IA,Ames,Iowa,-0.01,0,0.05,-0.04,-0,57683,42.02,-93.63
Paramount CA,Paramount,California,0.01,-0.01,0.03,0.02,0.02,57672,33.9,-118.16
Arcadia CA,Arcadia,California,-0.02,-0.02,0.04,-0.05,-0.02,57429,34.13,-118.04
Taunton MA,Taunton,Massachusetts,-0.02,0.13,-0.03,-0.01,-0.03,57377,41.9,-71.09
Renton WA,Renton,Washington,-0.02,0,0.02,-0.06,-0.01,57369,47.48,-122.2
Rowlett TX,Rowlett,Texas,-0.03,-0.02,0.12,-0.02,-0.01,57174,32.91,-96.55
West Des Moines IA,West Des Moines,Iowa,0.03,0.02,0.01,-0.01,-0.06,57126,41.57,-93.75
Royal Oak MI,Royal Oak,Michigan,0,-0.02,0.06,-0.01,0.02,57043,42.51,-83.15
Anderson IN,Anderson,Indiana,-0.03,-0.02,0.09,0.07,-0.01,57036,40.09,-85.69
Dubuque IA,Dubuque,Iowa,-0.01,0.06,0.08,-0.03,-0.07,57027,42.5,-90.69
Bowie MD,Bowie,Maryland,0.04,-0.03,-0.04,-0.05,0.05,56949,38.96,-76.74
Bismarck ND,Bismarck,North Dakota,-0.02,-0.01,0.07,-0,-0.07,56927,46.81,-100.77
Murray UT,Murray,Utah,-0.01,-0.07,0.05,0.02,-0.05,56848,40.65,-111.89
Port Arthur TX,Port Arthur,Texas,0.01,-0.08,0.02,0.03,-0.05,56728,29.9,-93.93
Saginaw MI,Saginaw,Michigan,-0.01,-0,-0.01,0.04,-0.02,56685,43.42,-83.95
Springfield OR,Springfield,Oregon,-0.05,0.01,0.06,-0.01,0,56575,44.05,-122.98
Terre Haute IN,Terre Haute,Indiana,-0.03,0.07,0.07,0.05,-0.05,56544,39.47,-87.38
Rosemead CA,Rosemead,California,-0.03,0.01,-0.01,-0.07,-0.01,56542,34.07,-118.08
Fountain Valley CA,Fountain Valley,California,0.03,-0.03,0.08,-0.09,-0.03,56318,33.71,-117.95
Galveston TX,Galveston,Texas,0.01,-0.07,-0.05,0.05,0.07,56205,29.3,-94.81
Blaine MN,Blaine,Minnesota,-0.01,-0.02,0.03,0.01,-0.04,56140,45.17,-93.21
Palo Alto CA,Palo Alto,California,-0,0.02,0.05,-0.05,0.18,56084,37.4,-122.14
Rocky Mount NC,Rocky Mount,North Carolina,0.04,0.02,0.02,-0.01,-0.04,56008,35.96,-77.81
Dearborn Heights MI,Dearborn Heights,Michigan,0.03,0.06,0.01,0.02,-0.02,55964,42.33,-83.27
Temple TX,Temple,Texas,-0.03,0.02,0.05,-0.04,-0.04,55916,31.1,-97.36
Great Falls MT,Great Falls,Montana,-0.02,0.06,0.03,0.02,-0.04,55908,47.5,-111.29
Port Orange FL,Port Orange,Florida,-0.01,0.05,-0.02,0,-0.05,55891,29.11,-81.01
Margate FL,Margate,Florida,0,-0,0.01,-0.02,0.07,55844,26.25,-80.21
Cheyenne WY,Cheyenne,Wyoming,-0.15,0.09,-0.03,0.04,-0.11,55833,41.15,-104.79
Elyria OH,Elyria,Ohio,-0.05,0.05,-0.01,0.01,-0,55811,41.38,-82.11
Bradenton FL,Bradenton,Florida,0.05,0.02,0.02,-0.05,-0.02,55606,27.49,-82.58
Petaluma CA,Petaluma,California,0.01,-0.01,-0.01,-0,0.05,55536,38.24,-122.63
Kettering OH,Kettering,Ohio,-0.02,0.02,0.05,-0.01,-0.07,55473,39.7,-84.15
Greenville SC,Greenville,South Carolina,0.05,-0.02,0.05,0.02,-0,55421,34.84,-82.37
Cathedral City CA,Cathedral City,California,-0.03,0.03,0.01,-0.01,-0.07,55253,33.83,-116.46
Chicopee MA,Chicopee,Massachusetts,-0.05,0.08,-0,-0.01,-0.09,55222,42.18,-72.57
San Rafael CA,San Rafael,California,-0.03,0.06,0.05,-0.01,0.07,55133,37.98,-122.51
Midwest City OK,Midwest City,Oklahoma,-0.03,0.09,-0.07,-0.03,0.02,55090,35.46,-97.37
Novi MI,Novi,Michigan,-0.02,-0.05,0.04,0.01,0.06,55079,42.48,-83.49
Malden MA,Malden,Massachusetts,-0.02,0.04,-0.06,-0.04,0.01,55066,42.43,-71.06
Decatur AL,Decatur,Alabama,0,0.03,0.02,0.01,-0.03,54717,34.57,-86.99
Euless TX,Euless,Texas,-0.01,-0.02,0.08,-0.03,0.02,54705,32.85,-97.08
Santa Cruz CA,Santa Cruz,California,0.03,-0.04,0.07,0.02,0.16,54583,36.97,-122.04
Owensboro KY,Owensboro,Kentucky,-0.05,0.07,0.06,0.03,-0.11,54513,37.76,-87.12
Lancaster PA,Lancaster,Pennsylvania,-0.02,0.05,0,-0,-0.03,54390,40.04,-76.3
Wheaton IL,Wheaton,Illinois,-0.01,-0.03,0.02,-0.05,0.06,54365,41.86,-88.11
Battle Creek MI,Battle Creek,Michigan,-0,0.03,0.04,-0.03,-0.05,54179,42.3,-85.23
Yuba City CA,Yuba City,California,-0.01,-0.05,0.12,0,-0.01,54086,39.14,-121.62
Fort Myers FL,Fort Myers,Florida,0.01,-0.07,-0.01,0.04,0.05,53961,26.63,-81.85
La Mesa CA,La Mesa,California,-0.01,-0.04,0.06,0.01,-0.02,53942,32.77,-117.02
Pensacola FL,Pensacola,Florida,0,-0.02,0.03,0.07,0.12,53652,30.44,-87.19
Cerritos CA,Cerritos,California,-0.04,-0.05,0.03,-0.02,0.06,53616,33.87,-118.07
Des Plaines IL,Des Plaines,Illinois,-0,-0,0.06,-0.03,-0.1,53601,42.03,-87.9
Medford MA,Medford,Massachusetts,0.02,0.09,-0.03,-0.01,-0.08,53579,42.42,-71.11
West Haven CT,West Haven,Connecticut,-0.01,0.06,-0.08,0.01,-0.03,53545,41.27,-72.97
Sarasota FL,Sarasota,Florida,0.08,-0.04,0.09,0.04,0.07,53422,27.34,-82.55
Conway AR,Conway,Arkansas,-0.03,0.03,0.04,-0,-0.04,53297,35.09,-92.45
Colton CA,Colton,California,0.05,-0.02,0.04,-0.04,0.03,53281,34.06,-117.32
Madera CA,Madera,California,0.02,-0.08,0.05,0.01,-0.04,53222,36.97,-120.08
Middletown OH,Middletown,Ohio,0.01,0.05,-0.01,0.02,-0.08,53027,39.51,-84.37
Pine Bluff AR,Pine Bluff,Arkansas,0.04,-0.02,0.01,0.07,0,52802,34.21,-92.02
Brentwood CA,Brentwood,California,0.04,-0.01,0.04,0.01,-0.01,52747,37.93,-121.71
Lakeville MN,Lakeville,Minnesota,0.03,-0.01,0.06,-0.04,-0.12,52745,44.68,-93.24
Highland CA,Highland,California,0.03,-0.05,0.11,0.03,0.01,52692,34.12,-117.19
Niagara Falls NY,Niagara Falls,New York,-0.01,0.12,-0.06,0.01,-0.02,52509,43.09,-79.02
Santee CA,Santee,California,0.03,0.06,0.06,0,-0.03,52505,32.86,-116.98
Rancho Santa Margarita CA,Rancho Santa Margarita,California,0.07,-0.08,0.09,-0.04,0.06,52447,33.64,-117.6
Idaho Falls ID,Idaho Falls,Idaho,-0.05,-0,0.1,0.02,-0.06,52431,43.49,-112.03
Yucaipa CA,Yucaipa,California,0.02,-0.05,0.1,0.05,-0.06,52333,34.03,-117.04
Woodland CA,Woodland,California,0.01,0.05,0,-0.04,-0.08,52266,38.68,-121.77
Cuyahoga Falls OH,Cuyahoga Falls,Ohio,-0.01,0.02,0.06,0.01,0,52223,41.17,-81.52
Woodbury MN,Woodbury,Minnesota,-0.03,0.02,0.07,-0.01,-0.08,52052,44.91,-92.92
Bowling Green KY,Bowling Green,Kentucky,0.03,-0.03,0.01,0.07,0.01,51999,36.97,-86.44
Lakewood OH,Lakewood,Ohio,-0.05,0.04,-0.03,0.01,-0.01,51999,41.48,-81.8
Glendora CA,Glendora,California,0.03,-0,0.04,0.01,0.02,51929,34.15,-117.84
Coconut Creek FL,Coconut Creek,Florida,0.02,0.01,-0.01,-0.04,0.07,51848,26.28,-80.18
Casper WY,Casper,Wyoming,-0,-0.04,-0,0.03,-0.03,51808,42.83,-106.33
Florissant MO,Florissant,Missouri,-0,-0.03,0.01,0.01,-0.07,51644,38.8,-90.32
Apple Valley MN,Apple Valley,Minnesota,-0.08,0.05,-0.05,-0.04,-0.18,51609,44.75,-93.2
Franklin TN,Franklin,Tennessee,0.03,-0,0.08,-0.03,-0.05,51478,35.93,-86.84
Tulare CA,Tulare,California,0.01,0.02,-0,0.01,0.01,51365,36.2,-119.34
Grapevine TX,Grapevine,Texas,0.05,-0.03,0.03,0.03,0.06,51334,32.93,-97.07
Shoreline WA,Shoreline,Washington,-0.02,0.03,0.07,-0.03,0,51316,47.75,-122.36
Monroe LA,Monroe,Louisiana,0.04,-0.14,0.1,0.09,0.08,51292,32.51,-92.08
Auburn AL,Auburn,Alabama,0.04,-0.04,0.05,0.05,0.02,51236,32.59,-85.48
Elkhart IN,Elkhart,Indiana,0.01,0.07,0.11,0.01,-0.07,51198,41.69,-85.97
Middletown CT,Middletown,Connecticut,-0.01,0.07,-0.05,-0.04,-0.01,51189,41.55,-72.65
New Brunswick NJ,New Brunswick,New Jersey,0.02,-0.01,-0.08,-0.03,0.12,51044,40.49,-74.45
Cupertino CA,Cupertino,California,-0.07,0.01,0.07,-0.09,-0.03,50952,37.31,-122.05
Corvallis OR,Corvallis,Oregon,-0.09,-0.08,0.06,0.03,-0.01,50932,44.57,-123.28
Berwyn IL,Berwyn,Illinois,0.01,0.02,0.02,-0.04,0.04,50904,41.84,-87.79
Palm Beach Gardens FL,Palm Beach Gardens,Florida,0.03,-0.03,0.05,-0.04,0.03,50768,26.84,-80.12
East Providence RI,East Providence,Rhode Island,-0.03,-0,0.04,0.01,-0.09,50750,41.8,-71.36
Peabody MA,Peabody,Massachusetts,-0.07,0.11,-0,-0.01,-0.03,50698,42.53,-70.97
La Mirada CA,La Mirada,California,0.01,-0.07,0.01,0.02,-0.04,50598,33.9,-118.01
Pocatello ID,Pocatello,Idaho,-0.08,0.02,0.06,0.04,0.12,50496,42.88,-112.47
Ocala FL,Ocala,Florida,-0.01,-0.02,0.07,0.03,-0,50241,29.19,-82.13
La Crosse WI,La Crosse,Wisconsin,-0.02,0.02,0.02,0.01,0,50147,43.83,-91.23
Palm Desert CA,Palm Desert,California,0.02,-0,0.03,0.02,-0,50126,33.73,-116.38
Blue Springs MO,Blue Springs,Missouri,-0.05,0.09,0.01,0.01,-0.03,50116,39.02,-94.27
Mansfield OH,Mansfield,Ohio,0.01,0.03,-0.03,0,-0.01,50010,40.76,-82.53
Poway CA,Poway,California,0.05,-0.01,0.03,0,0.02,49943,32.99,-117.02
Minnetonka MN,Minnetonka,Minnesota,0.06,-0.07,0.07,0.02,-0.02,49918,44.93,-93.46
Charleston WV,Charleston,West Virginia,-0.01,0.04,0.03,0.01,0.09,49804,38.35,-81.63
Goodyear AZ,Goodyear,Arizona,0,-0.05,0.03,0.02,-0.01,49748,33.35,-112.41
Placentia CA,Placentia,California,0.03,-0.04,0.05,0.01,0.01,49679,33.88,-117.85
Euclid OH,Euclid,Ohio,0.06,-0.04,0.02,-0,0.02,49602,41.59,-81.52
Mentor OH,Mentor,Ohio,-0.06,0.03,-0.01,-0.03,0,49597,41.69,-81.33
Bedford TX,Bedford,Texas,-0.02,0.05,0.01,-0,-0.01,49572,32.85,-97.13
Mishawaka IN,Mishawaka,Indiana,-0.07,0.1,0.01,0.01,-0.03,49534,41.67,-86.17
Perth Amboy NJ,Perth Amboy,New Jersey,0.03,-0.02,-0.01,0,-0.02,49448,40.52,-74.27
Carmel IN,Carmel,Indiana,0.01,-0.03,0.02,-0.01,-0.05,49188,39.97,-86.11
San Marcos TX,San Marcos,Texas,-0.04,0.01,0.07,-0.01,-0.01,49051,29.88,-97.93
Covina CA,Covina,California,0.01,-0.05,0.06,0.01,0.05,49039,34.09,-117.88
Novato CA,Novato,California,0.02,0.06,0.06,-0.04,0.09,49005,38.09,-122.56
Azusa CA,Azusa,California,-0.01,-0.03,-0.02,-0.02,0.04,48992,34.14,-117.91
Bellevue NE,Bellevue,Nebraska,-0.01,0.01,0.07,0.02,-0.06,48894,41.16,-95.92
Hanford CA,Hanford,California,0.01,0.03,0.08,-0.01,0.08,48892,36.33,-119.65
Moore OK,Moore,Oklahoma,-0.02,0.05,-0.01,0.03,-0.04,48749,35.33,-97.47
Hattiesburg MS,Hattiesburg,Mississippi,-0.01,-0.01,-0.04,0.03,-0.05,48728,31.31,-89.31
East Lansing MI,East Lansing,Michigan,-0.01,0.02,-0.04,-0.01,0.06,48618,42.74,-84.48
Perris CA,Perris,California,0,-0.02,0.05,0,-0,48555,33.79,-117.22
Meridian ID,Meridian,Idaho,-0.05,-0.01,0.06,0.03,-0.11,48376,43.61,-116.4
Grand Forks ND,Grand Forks,North Dakota,-0.02,0.08,0.05,-0.03,-0.09,48195,47.92,-97.07
Sheboygan WI,Sheboygan,Wisconsin,-0.03,-0.01,0.06,0.02,-0.06,48123,43.75,-87.73
Tigard OR,Tigard,Oregon,-0,0,0.07,-0.05,-0.01,48122,45.43,-122.77
Troy NY,Troy,New York,-0.01,0.1,-0.06,-0.05,-0.04,47993,42.73,-73.68
Huntington WV,Huntington,West Virginia,-0.03,0.09,0.06,-0,0.07,47905,38.41,-82.43
Plainfield NJ,Plainfield,New Jersey,0.05,-0.06,-0.09,-0.02,0.15,47769,40.62,-74.42
Redmond WA,Redmond,Washington,-0.04,-0.03,0.06,-0.01,-0.04,47662,47.67,-122.11
Harrisburg PA,Harrisburg,Pennsylvania,-0.05,0.07,-0.06,-0.02,0.01,47576,40.28,-76.88
New Braunfels TX,New Braunfels,Texas,-0.03,-0.11,0.03,-0.03,-0.06,47533,29.7,-98.12
Cypress CA,Cypress,California,0.03,-0.01,0.07,-0.07,0.02,47521,33.82,-118.04
Smyrna GA,Smyrna,Georgia,-0.01,0.01,0.02,0.01,0.03,47442,33.87,-84.52
Palm Springs CA,Palm Springs,California,0.01,-0.05,0.06,0.02,0.09,47434,33.78,-116.53
Kentwood MI,Kentwood,Michigan,0.03,0.03,0.03,0.02,-0.03,47421,42.88,-85.59
Burlington NC,Burlington,North Carolina,-0.02,0.02,0.05,-0,0.02,47290,36.08,-79.45
Chesterfield MO,Chesterfield,Missouri,-0,0.01,0.04,-0.03,-0.08,47202,38.65,-90.58
Wilson NC,Wilson,North Carolina,0.01,-0.04,0.03,-0.02,0.03,47191,35.73,-77.92
Roseville MI,Roseville,Michigan,-0.02,0.04,0.04,0.05,-0.02,47190,42.51,-82.94
Cleveland Heights OH,Cleveland Heights,Ohio,-0.04,0.02,-0.03,-0.01,-0,47123,41.51,-81.56
Biloxi MS,Biloxi,Mississippi,0.01,0.01,0.02,0.02,0.01,47110,30.41,-88.93
Joplin MO,Joplin,Missouri,-0.04,0.04,0.02,0.01,-0.09,47060,37.08,-94.5
Rogers AR,Rogers,Arkansas,0.04,-0.03,0.1,0.01,-0.01,46984,36.33,-94.13
Newark OH,Newark,Ohio,-0.04,0.04,0.02,0.04,-0.04,46870,40.07,-82.42
Cedar Hill TX,Cedar Hill,Texas,0.01,0,-0.02,-0,0.08,46869,32.58,-96.96
Sanford FL,Sanford,Florida,-0.06,-0.03,0.03,0.03,-0.02,46777,28.79,-81.28
Portage MI,Portage,Michigan,-0.04,0.02,0.07,-0.01,-0.09,46666,42.2,-85.59
Bell Gardens CA,Bell Gardens,California,-0.04,0.03,-0.03,-0.01,-0.06,46504,33.97,-118.15
Pinellas Park FL,Pinellas Park,Florida,-0,-0.03,0.02,-0,-0.04,46469,27.86,-82.71
Altoona PA,Altoona,Pennsylvania,-0.02,0.11,-0.01,-0.01,-0.1,46442,40.51,-78.4
Grand Junction CO,Grand Junction,Colorado,-0.04,0.01,0.03,0.04,-0.06,46350,39.09,-108.55
Woonsocket RI,Woonsocket,Rhode Island,-0.01,0.02,0.01,0.02,-0.02,46297,42,-71.5
San Ramon CA,San Ramon,California,0.06,-0.02,0.06,-0.04,-0.03,46278,37.76,-121.95
Revere MA,Revere,Massachusetts,0.02,0.06,-0.05,-0.02,-0.05,46259,42.42,-70.99
Richland WA,Richland,Washington,-0.04,-0.03,0.05,0.01,-0.03,46156,46.29,-119.29
Kokomo IN,Kokomo,Indiana,-0.04,0.11,0.03,-0.04,-0.12,46130,40.48,-86.13
Auburn WA,Auburn,Washington,0.06,-0.02,0.12,0.02,-0.07,46108,47.3,-122.21
Gilroy CA,Gilroy,California,-0,0.02,0.01,-0.02,-0,46107,37.01,-121.58
Enid OK,Enid,Oklahoma,0.01,0.03,0.07,0.03,-0.06,45935,36.41,-97.87
Delano CA,Delano,California,-0,-0.01,0.01,0,0.02,45933,35.76,-119.25
Kirkland WA,Kirkland,Washington,-0.06,-0.04,0.09,-0.03,0.01,45913,47.68,-122.19
Valdosta GA,Valdosta,Georgia,0.05,-0.11,0.05,0.08,-0.09,45909,30.85,-83.28
Broomfield CO,Broomfield,Colorado,-0.04,0.01,0.03,0.02,-0.09,45869,39.94,-105.06
Pasco WA,Pasco,Washington,-0.04,-0.01,0.07,0.03,-0,45774,46.25,-119.13
Salina KS,Salina,Kansas,0.02,-0.01,0.07,0.04,0.04,45715,38.82,-97.62
Porterville CA,Porterville,California,-0.04,0.05,-0.03,-0.03,-0.04,45703,36.06,-119.03
Manhattan KS,Manhattan,Kansas,-0.01,0.01,-0.01,-0.07,-0.07,45671,39.19,-96.59
Watsonville CA,Watsonville,California,0,-0.02,-0,-0,-0.01,45659,36.92,-121.77
Edina MN,Edina,Minnesota,0,-0.03,0.08,-0.02,-0.01,45648,44.89,-93.36
Albany OR,Albany,Oregon,-0.03,0,0.04,-0.02,-0.07,45535,44.62,-123.09
The Colony TX,The Colony,Texas,-0,0.05,-0.01,-0.01,-0,45532,33.09,-96.89
Elmhurst IL,Elmhurst,Illinois,0.01,0.02,-0,-0.02,0.04,45463,41.9,-87.94
Olympia WA,Olympia,Washington,0.05,-0.02,0.1,-0.01,0.05,45403,47.04,-122.89
Danville VA,Danville,Virginia,0.01,0.02,-0,0.01,-0.09,45382,36.58,-79.41
Hendersonville TN,Hendersonville,Tennessee,0.03,0.01,0.07,-0.01,-0.03,45358,36.29,-86.6
Bremerton WA,Bremerton,Washington,-0.06,0.02,0.08,-0.08,0.03,45306,47.55,-122.7
Logan UT,Logan,Utah,-0.07,0.02,0.17,0.01,-0.05,45262,41.74,-111.84
Wauwatosa WI,Wauwatosa,Wisconsin,0.01,-0.02,0.09,-0.01,-0.01,45076,43.06,-88.03
Strongsville OH,Strongsville,Ohio,-0,0.02,0.01,-0.01,-0.01,45073,41.31,-81.83
Binghamton NY,Binghamton,New York,-0.06,0.03,0,0.04,-0.02,45070,42.1,-75.91
Grand Island NE,Grand Island,Nebraska,-0.05,0.08,0.03,-0.01,-0.09,45052,40.92,-98.37
Alexandria LA,Alexandria,Louisiana,0.04,-0.01,0.01,0.03,-0.01,44933,31.29,-92.46
Warren OH,Warren,Ohio,-0.01,0.08,-0.04,-0.02,-0.05,44933,41.24,-80.82
Attleboro MA,Attleboro,Massachusetts,-0.01,0.02,-0,0.02,-0.1,44690,41.93,-71.3
Texas City TX,Texas City,Texas,0.02,-0.07,0.05,-0.01,-0.06,44321,29.41,-94.96
Farmington NM,Farmington,New Mexico,-0.03,0.02,0.05,0.03,-0.07,44278,36.75,-108.19
San Luis Obispo CA,San Luis Obispo,California,0.01,-0.08,0.05,0.01,-0.02,44098,35.27,-120.66
Lenexa KS,Lenexa,Kansas,0.01,-0.02,0.07,-0.01,-0.06,43935,38.96,-94.79
Hackensack NJ,Hackensack,New Jersey,0.05,-0.05,-0,-0.01,0.05,43923,40.89,-74.05
Bartlett TN,Bartlett,Tennessee,-0.04,0.01,0,-0,-0.11,43852,35.22,-89.84
Pittsfield MA,Pittsfield,Massachusetts,-0.06,0.12,-0.03,0.02,-0.03,43821,42.45,-73.26
Roswell NM,Roswell,New Mexico,-0.02,0.01,-0.01,0.03,-0.06,43788,33.37,-104.53
Kingsport TN,Kingsport,Tennessee,0.02,0.04,-0,0.01,-0.05,43776,36.53,-82.56
West Sacramento CA,West Sacramento,California,-0.03,0.06,-0.01,0.01,-0.01,43656,38.56,-121.55
Palm Coast FL,Palm Coast,Florida,0.03,-0.02,0.06,0.03,0.04,43487,29.57,-81.21
Stillwater OK,Stillwater,Oklahoma,-0.03,0.01,0.02,0.03,0.03,43473,36.13,-97.07
Lake Elsinore CA,Lake Elsinore,California,0.04,-0.01,0.08,-0.02,0.03,43336,33.67,-117.32
Fairfield OH,Fairfield,Ohio,-0.04,0.03,-0.01,-0.02,0.06,43279,39.33,-84.54
Titusville FL,Titusville,Florida,-0,-0.07,0.06,0.05,0.04,43054,28.59,-80.82
Newark CA,Newark,California,-0.03,-0.05,0.04,-0.03,0.01,43018,37.52,-122.03
Concord NH,Concord,New Hampshire,-0.04,0.08,0.01,-0.03,-0.07,42967,43.23,-71.56
Rancho Palos Verdes CA,Rancho Palos Verdes,California,0,-0.03,0.01,-0.01,-0.03,42966,33.76,-118.36
La Puente CA,La Puente,California,0.02,0.02,0.03,-0.05,0.05,42901,34.03,-117.95
Conroe TX,Conroe,Texas,-0.02,0.07,0.01,0.01,-0.04,42545,30.32,-95.47
Midland MI,Midland,Michigan,-0.06,-0.02,0.06,0.04,-0.03,42516,43.62,-84.23
Coral Gables FL,Coral Gables,Florida,0.04,-0.01,0.01,0.01,0.04,42495,25.7,-80.26
Leominster MA,Leominster,Massachusetts,-0.01,0.09,-0.05,-0,-0.02,42479,42.52,-71.77
Moline IL,Moline,Illinois,0.01,0.01,0.03,0.05,-0.07,42427,41.49,-90.49
Greenwood IN,Greenwood,Indiana,0.02,0.04,0.01,0.03,-0.02,42298,39.62,-86.11
Sierra Vista AZ,Sierra Vista,Arizona,-0.03,0.03,-0.04,-0.02,0.03,42088,31.57,-110.32
Haltom City TX,Haltom City,Texas,-0.01,0.01,0.03,-0.01,0.02,42053,32.82,-97.27
Harrisonburg VA,Harrisonburg,Virginia,-0.03,-0.04,0.08,0.04,-0.06,41992,38.44,-78.87
Aliso Viejo CA,Aliso Viejo,California,-0.04,-0.02,0.05,-0.02,-0.02,41975,33.57,-117.73
North Port FL,North Port,Florida,0.01,-0.02,0.06,0.01,-0.03,41919,27.05,-82.19
Covington KY,Covington,Kentucky,-0.01,0.05,-0.06,-0.03,-0.04,41896,39.04,-84.51
Crystal Lake IL,Crystal Lake,Illinois,0.02,0.06,0,0.03,-0.09,41874,42.23,-88.33
San Gabriel CA,San Gabriel,California,0.02,-0.02,0.03,-0.07,0.02,41861,34.09,-118.1
Bountiful UT,Bountiful,Utah,0.02,-0.01,0.1,0.05,0.01,41622,40.88,-111.87
Prescott AZ,Prescott,Arizona,-0.04,-0.04,0.06,-0.01,0.03,41432,34.58,-112.45
Georgetown TX,Georgetown,Texas,-0.02,0,0.04,-0.01,-0.03,41398,30.65,-97.69
Beavercreek OH,Beavercreek,Ohio,0.01,0.03,0.04,0,0,41297,39.73,-84.06
La Quinta CA,La Quinta,California,0.02,-0.03,0.05,0.03,0.06,41239,33.67,-116.29
Ceres CA,Ceres,California,-0.01,0.02,0.01,-0.02,-0.03,41223,37.6,-120.96
Rohnert Park CA,Rohnert Park,California,-0.02,0.01,0.01,-0.01,0.04,41154,38.35,-122.7
Westfield MA,Westfield,Massachusetts,-0.02,0.1,0.01,-0.03,0.01,41068,42.14,-72.76
Littleton CO,Littleton,Colorado,0,-0.02,0.13,0.02,-0.06,41063,39.59,-105.01
Hickory NC,Hickory,North Carolina,-0.03,0.05,0,0.01,-0.05,40968,35.74,-81.33
Lompoc CA,Lompoc,California,-0.01,0.01,0.02,-0.04,-0,40924,34.66,-120.47
Southaven MS,Southaven,Mississippi,-0.01,0.02,0.01,0.04,-0.05,40806,34.97,-90
Lincoln CA,Lincoln,California,0.04,0.01,0.09,-0.05,-0.08,40805,38.89,-121.3
Dublin CA,Dublin,California,0.04,0.05,0.02,-0.06,0.03,40791,37.72,-121.91
Belleville IL,Belleville,Illinois,0.01,0.02,0.04,0.03,-0.01,40745,38.53,-90
Altamonte Springs FL,Altamonte Springs,Florida,0.02,0.02,0.01,-0.02,0.03,40712,28.66,-81.4
Findlay OH,Findlay,Ohio,-0.07,0.01,-0,0.03,-0.04,40571,41.04,-83.64
Fitchburg MA,Fitchburg,Massachusetts,-0.04,0.08,-0.03,-0.05,-0.03,40565,42.59,-71.82
Atlantic City NJ,Atlantic City,New Jersey,0.06,-0.06,-0.09,-0.01,0.02,40529,39.38,-74.45
Coppell TX,Coppell,Texas,0.04,-0.04,0.04,-0.02,-0.04,40487,32.96,-96.99
Beverly MA,Beverly,Massachusetts,0.02,0.07,-0.02,-0.03,0.03,40441,42.56,-70.84
Hutchinson KS,Hutchinson,Kansas,-0.02,0.04,0.03,0.06,-0.01,40386,38.07,-97.91
Culver City CA,Culver City,California,0.01,-0.03,-0.03,-0.06,0.05,40361,34.01,-118.4
Brea CA,Brea,California,0.06,-0.09,0.06,0,0.01,40349,33.92,-117.87
Brookfield WI,Brookfield,Wisconsin,-0.03,-0.02,0.05,0.01,-0.09,40323,43.06,-88.12
Holyoke MA,Holyoke,Massachusetts,-0.01,0.07,-0.08,-0,-0.05,40143,42.21,-72.64
Muskegon MI,Muskegon,Michigan,0.01,-0.01,-0.01,0.01,-0.09,40058,43.23,-86.26
Edmonds WA,Edmonds,Washington,0.04,-0.02,0.08,-0.03,-0,40023,47.83,-122.37
Sumter SC,Sumter,South Carolina,-0.01,-0.02,-0.01,-0.01,0.01,40018,33.94,-80.39
Shelton CT,Shelton,Connecticut,0.01,-0,0,-0.01,-0.04,39988,41.3,-73.14
Hoboken NJ,Hoboken,New Jersey,-0,-0.01,-0.08,-0.04,-0.01,39972,40.74,-74.03
Linden NJ,Linden,New Jersey,-0.01,0.03,-0.02,-0.03,0.05,39964,40.63,-74.24
Keller TX,Keller,Texas,0.01,-0.04,0.09,-0.07,-0.04,39928,32.93,-97.23
Urbana IL,Urbana,Illinois,-0.01,0.05,-0,0,0.04,39834,40.11,-88.21
North Miami Beach FL,North Miami Beach,Florida,-0.02,0,-0.06,-0.03,0.05,39551,25.93,-80.17
Quincy IL,Quincy,Illinois,-0.08,0.1,0,-0.01,-0.08,39549,39.93,-91.39
Lima OH,Lima,Ohio,0.04,0,0.01,0.03,-0.09,39543,40.74,-84.11
San Bruno CA,San Bruno,California,0.03,-0.03,-0.01,-0.01,-0.03,39523,37.62,-122.43
Madison AL,Madison,Alabama,0,0.02,0.06,-0.01,-0.02,39516,34.7,-86.75
Columbus IN,Columbus,Indiana,-0.02,0.09,-0.02,0.01,-0.05,39453,39.21,-85.91
Twin Falls ID,Twin Falls,Idaho,0.04,-0.06,0.07,0.01,-0.06,39383,42.56,-114.46
Jefferson City MO,Jefferson City,Missouri,0.04,0.07,0.05,-0.01,-0.09,39062,38.57,-92.19
Annapolis MD,Annapolis,Maryland,0.02,0.01,-0.07,-0,-0.01,36300,38.98,-76.49
Dover DE,Dover,Delaware,0.01,-0.01,-0.06,-0.01,-0.08,34288,39.16,-75.53
Helena MT,Helena,Montana,-0.05,-0.06,0.11,0.03,-0,27383,46.6,-112.03
Frankfort KY,Frankfort,Kentucky,-0.04,0.12,-0.11,0.03,-0.07,27210,38.2,-84.86
"Washington, District Of Columbia",Washington,District Of Columbia,0.1,-0.18,-0.13,0.07,0.12,548359,38.91,-77.02
